periodo,NSE,KGE,RMSE_m3s
calibracion,0.030644736071959944,0.15009130399950055,63.43901667835472
validacion,-0.5989093851820035,0.24531737485136296,74.19275690731145
post_warmup,0.05150409723073113,0.23751730720473152,64.6016319162949
