parametro,verdadero,estimado_ols,SE,SE_rel,CI_t_inf,CI_t_sup,CI_boot_inf,CI_boot_sup
n,0.035,0.036750000000000005,,,,,0.036750000000000005,0.036750000000000005
S0,0.001,0.00095,,,,,0.00095,0.00095
Q0,50.0,49.987033612480666,,,,,49.761733110597056,50.20345170952861
A_hyd,100.0,98.0,,,,,98.0,98.0
B_w,50.0,50.5,,,,,50.5,50.5
