parametro,verdadero,ols,SE
n,0.035,0.02517054293167454,
S0,0.001,0.004999999844117259,
B_w,50.0,79.91209760098813,
