parametro,S1,S1_conf,ST,ST_conf
n,7.875905978546664e-10,99084.72614065534,4.772850999912809e-15,0.8491617073035643
S0,6.843294288287086e-09,52394.25632604361,1.1970280615307846e-15,0.21976471920706858
B_w,-7.262110401421795e-09,13172.75480928341,6.663858374050196e-17,0.010403728261771047
