parametro,S1,S1_conf,ST,ST_conf
n,6.01436910369553e-14,1.5290574384148933e-13,4.9990396778092e-25,7.837875449841482e-25
S0,-1.9944511248674025e-13,3.113769890761017e-13,4.1121258937412734e-24,5.9909838577183045e-24
Q0,0.9966424607768519,0.1535735472790125,0.99664246077697,0.12144949325610249
A_hyd,-7.940870886155303e-14,1.693066111988e-13,5.498551341136022e-25,9.46051176704832e-25
B_w,4.202420952008755e-13,5.083649289264395e-13,1.3486865517219804e-23,1.916019358557285e-23
