parametro,S1,S1_conf,ST,ST_conf
n,6.01436910369553e-14,1.3646867684833939e-13,4.9990396778092e-25,7.3112954377286845e-25
S0,-1.9944511248674025e-13,3.524801019646819e-13,4.1121258937412734e-24,6.799828430924582e-24
Q0,0.9966424607768519,0.1692842752146605,0.99664246077697,0.12535387768389966
A_hyd,-7.940870886155303e-14,1.4823537684654106e-13,5.498551341136022e-25,8.762709515592352e-25
B_w,4.202420952008755e-13,4.4194189013291136e-13,1.3486865517219804e-23,1.7432760621722335e-23
