parametro,SSC_max_abs,SSC_mean_abs
n,0.0,0.0
S0,0.0,0.0
Q0,49.98703361245305,49.987033612453054
A_hyd,0.0,0.0
B_w,0.0,0.0
