parametro,S1,S1_conf,ST,ST_conf
n,1.325175471732084e-07,0.021021010982977536,0.20812967081513897,0.29678871148175556
S0,5.598134710600158e-07,0.030777630929613768,0.41625920764018387,0.42869845606148316
B_W,0.0070461575445955535,0.012566215813262815,0.10406492514363662,0.18559111201909667
eta_Q,0.4092154203842057,0.5704606416450272,0.5203255017687811,0.4067559128749024
